config_name,question,ground_truth,answer,ttft_seconds,total_seconds,token_count,tokens_per_second,faithfulness,answer_relevancy,answer_correctness,context_precision,context_recall,answer_valid
recursive_cs1000_co100_nomic-embed-text:latest_Qwen3.5-397B-A17B_detailed,what circuit court is maryland,The Circuit Courts of Maryland are the state trial courts of general jurisdiction in Maryland.,"Based on the provided context, Maryland does not have a single ""Circuit Court""; rather, the state's trial courts of general jurisdiction are organized into **eight judicial circuits**. Each of Maryland's 23 counties and the independent city of Baltimore has its own Circuit Court, and these courts are grouped into the eight circuits as follows:

*   **Circuits 1 through 7:** Each of these circuits encompasses two or more counties.
*   **Circuit 8:** This circuit consists solely of Baltimore City.",0.6326073489999544,2.8809910849995504,0,0,1.0,0.3576586473318171,0.3101800239283045,0.49999999995,1.0,True
recursive_cs1000_co100_nomic-embed-text:latest_Qwen3.5-397B-A17B_detailed,What happened during the Starving Time in Jamestown?,There is scientific evidence that the settlers at Jamestown had turned to cannibalism during the starving time.,"Based on the provided context, there is no information regarding the Starving Time in Jamestown or what happened during that event. The text focuses on sports events, Saint Patrick's Day, Uncle Sam, Twitter usage records, and the history of the band Climax Blues Band.",0.5509159789999103,1.2258304899996801,0,0,0.2857142857142857,0.0,0.13904520696448608,0.0,0.0,True
recursive_cs1000_co100_nomic-embed-text:latest_Qwen3.5-397B-A17B_detailed,how many members are in the house of representatives,The total number of voting representatives is fixed by law at 435.,"Based on the provided context, the number of voting members in the House of Representatives is fixed at **435**. This number was established by the Apportionment Act of 1911 and capped at that level by the Reapportionment Act of 1929.

While the number of voting representatives is 435, the text notes that there are exceptions and additions:
*   The number was temporarily increased to **437** between 1959 and 1963 following the admission of Alaska and Hawaii, before returning to 435 after the 196",0.585725416999594,3.4513278800004628,0,0,1.0,0.6949559023588469,0.3949728164094807,0.99999999995,1.0,True
recursive_cs1000_co100_nomic-embed-text:latest_Qwen3.5-397B-A17B_detailed,Where Elephants Live,"Elephants are scattered throughout sub-Saharan Africa , and South and Southeast Asia .","Based on the provided context, there is no information regarding where elephants live. The text discusses T-SQL, Saint Patrick's Day, the Climax Blues Band, Uncle Sam, the TV series Psych, Star Wars songs, Twitter, and World War II military movements, but it does not mention elephants or their habitats.",0.5399869940001736,1.360584818999996,0,0,1.0,0.0,0.1313548402804642,0.0,0.0,True
recursive_cs1000_co100_nomic-embed-text:latest_Qwen3.5-397B-A17B_detailed,WHAT IS A FY QUARTER,"A fiscal year (or financial year, or sometimes budget year) is a period used for calculating annual (""yearly"") financial statements in businesses and other organizations.","Based on the provided context, there is no information available to define what a ""FY quarter"" (fiscal year quarter) is. The text discusses T-SQL, Saint Patrick's Day, the TV series *Psych*, the Climax Blues Band, *Star Wars* music composers, Uncle Sam, and Twitter, but it does not mention fiscal years or financial quarters.",0.6423989149998306,1.5639683189992866,0,0,1.0,0.0,0.1879744108340063,0.0,0.0,True
recursive_cs1000_co100_nomic-embed-text:latest_Qwen3.5-397B-A17B_detailed,what is homebrew for wii,"In more general terms, Wii Homebrew refers to the use of the Wii 's hardware, accessories and software for purposes outside those intended by the manufacturer.","Based on the provided context, homebrew for the Wii refers to unofficial applications, such as **The Homebrew Channel**, that can be run on the console. Specifically regarding the Wii U's built-in emulated Wii environment (known as **vWii** or **Wii Mode**), the text notes that while it is capable of running Wii homebrew, it is much more fragile than a real Wii console and has a higher chance of becoming inoperable if dangerous software is used. Additionally, due to changes in the vWii operating",0.6240933819999555,2.6792014960001325,0,0,0.9,0.6295788672834296,0.27979627121714734,0.0,0.0,True
recursive_cs1000_co100_nomic-embed-text:latest_Qwen3.5-397B-A17B_detailed,Who was Daniel J Daly?,"Sergeant Major Daniel Joseph ""Dan"" Daly (November 11, 1873 – April 27, 1937) was a United States Marine and one of only nineteen men (including seven Marines) to have received the Medal of Honor twice","Based on the provided context, there is no information mentioning Daniel J. Daly or identifying who he was. The text discusses the Climax Blues Band, Saint Patrick's Day, General Tso's chicken, Uncle Sam, the Qing dynasty, and personifications of the United States, but does not contain details about Daniel J. Daly.",0.5374344589999964,1.3618693609996626,0,0,1.0,0.0,0.1490146584415219,0.0,0.0,True
recursive_cs1000_co100_nomic-embed-text:latest_Qwen3.5-397B-A17B_detailed,when did marlins start,The Miami Marlins began play in the 1993 season as the Florida Marlins.,"Based on the provided context, the exact date the Marlins started is not explicitly stated. However, the text mentions that the team finished last in their division during the ""strike-shortened season of 1994"" and fourth in 1995, and it references Gary Sheffield homering in the ""Marlins' first All-Star Game."" These details indicate that the Marlins began playing prior to or during the 1993 season, as the text notes a trade occurred ""After the 1993 season"" and Donald A. Smiley was named president",0.5466023210001367,2.0762339300008534,0,0,1.0,0.0,0.3474890845252615,0.249999999975,0.0,True
recursive_cs1000_co100_nomic-embed-text:latest_Qwen3.5-397B-A17B_detailed,what is the ingredient in mustard,"Mustard (or yellow sauce) is a condiment made from the seeds of a mustard plant (white or yellow mustard, Sinapis hirta ; brown or Indian mustard, Brassica juncea ; or black mustard, B. nigra ).","Based on the provided context, mustard is made from the seeds of a mustard plant, specifically white/yellow mustard (*Sinapis alba*), brown mustard (*Brassica juncea*), or black mustard (*Brassica nigra*). These seeds, which can be used whole, ground, cracked, or bruised, are mixed with liquids such as water, vinegar, lemon juice, wine, beer, or milk. The mixture also typically includes salt and often other flavorings and spices to create a paste or sauce.",0.5355606460007039,1.866721815999881,0,0,0.8823529411764706,0.8076398977013873,0.405048155376153,0.49999999995,0.0,True
recursive_cs1000_co100_nomic-embed-text:latest_Qwen3.5-397B-A17B_detailed,what were 3 important things that douglas MacArthur did?,"He officially accepted Japan's surrender on 2 September 1945, and oversaw the occupation of Japan from 1945 to 1951.","Based on the provided context, three important things Douglas MacArthur did were:

1.  He entered West Point on June 13, 1899, where he and his classmate Ulysses S. Grant III were singled out for special attention by Southern cadets due to their status as sons of generals.
2.  He testified before a special Congressional committee in 1901 regarding hazing at the academy, where he spoke against cadets implicated in the practice, although he downplayed his own experiences with hazing.
3.  He learne",0.5393416359993353,2.3860842240001148,0,0,1.0,0.8083304008374039,0.1489898137265279,0.0,0.0,True
recursive_cs1000_co100_nomic-embed-text:latest_Qwen3.5-397B-A17B_detailed,what is active learning strategies,Active learning is an umbrella term that refers to several models of instruction that focus the responsibility of learning on learners.,"Based on the provided context, active learning strategies are a wide range of learner-centered approaches that serve as the opposite of passive, teacher-centered learning. These strategies include specific methods such as learning through play, technology-based learning, activity-based learning, group work, and the project method.

The core requirement of these strategies is the active participation of every student, meaning they must do more than just listen; they must read, write, discuss, and",0.5401357199998529,3.2063642490002167,0,0,1.0,0.890092137678031,0.1819299449497768,0.9999999999,0.0,True
recursive_cs1000_co100_nomic-embed-text:latest_Qwen3.5-397B-A17B_detailed,what is the formula for calcium nitrate,"Calcium nitrate, also called Norgessalpeter (Norwegian saltpeter), is the inorganic compound with the formula Ca(NO3)2.","Based on the provided context, the formula for calcium nitrate is **Ca(NO3)2**.

The text explicitly states that calcium nitrate is an inorganic compound with the general formula **Ca(NO3)2(H2O)x**, where ""x"" represents the variable amount of water in hydrated forms. The context further specifies the following variations:
*   The **anhydrous** compound (rarely encountered) is **Ca(NO3)2**.
*   The **tetrahydrate** form is **Ca(NO3)2·4H2O**.
*   It also exists in double salts, such as calcium amm",0.6375574929998038,2.828991506999955,0,0,0.9090909090909091,0.9567820473667045,0.39058134241940656,0.9999999999666667,1.0,True
recursive_cs1000_co100_nomic-embed-text:latest_Qwen3.5-397B-A17B_detailed,how long to take iwo jima,"The Battle of Iwo Jima (19 February – 26 March 1945), or Operation Detachment, was a major battle in which the United States Armed Forces fought for and captured the island of Iwo Jima from the Japane","Based on the provided context, the specific total duration of the battle to take Iwo Jima is not explicitly stated. The text details events on the ""First day – 19 February 1945,"" mentions planning considerations for subsequent battles like Okinawa due to casualties taken on the first day, and notes that the stage of pertussis (unrelated to the battle) lasts two to eight weeks, but it does not provide the number of days or weeks the Battle of Iwo Jima lasted.",0.5428843269992285,1.8661791029999222,0,0,0.8333333333333334,0.0,0.1811219556119648,0.0,0.0,True
recursive_cs1000_co100_nomic-embed-text:latest_Qwen3.5-397B-A17B_detailed,what species is a spider,Spiders ( order Araneae) are air-breathing arthropods that have eight legs and chelicerae with fangs that inject venom .,"Based on the provided context, a spider is any species belonging to the order **Araneae**, which are air-breathing arthropods characterized by having eight legs, chelicerae with fangs capable of injecting venom, and spinnerets that extrude silk.

As of August 2022, taxonomists have recorded **50,356 spider species** distributed across 132 families and 4,280 genera. These species are divided into two suborders:
*   **Mesothelae**: A primitive group currently represented only by the family Liphist",0.6555764390004697,3.620543703000294,0,0,0.9444444444444444,0.8092699785670884,0.46321811260733103,0.9999999999,1.0,True
recursive_cs1000_co100_nomic-embed-text:latest_Qwen3.5-397B-A17B_detailed,how is whooping cough distinguished from similar diseases,"Symptoms are initially mild, and then develop into severe coughing fits, which produce the namesake high-pitched ""whoop"" sound in infected babies and children when they inhale air after coughing.","Based on the provided context, whooping cough (pertussis) is distinguished from similar diseases primarily by specific clinical symptoms and their impact on the likelihood of diagnosis. The presence of vomiting after a coughing spell (posttussive emesis) or an inspiratory ""whooping"" sound during coughing almost doubles the likelihood that the illness is pertussis. Conversely, the absence of a paroxysmal cough or posttussive emesis makes the diagnosis almost half as likely.

The disease typically",0.6400485939993814,5.357586414999787,0,0,0.9615384615384616,0.9746934515455083,0.38466902068964887,0.6388888888675925,0.0,True
recursive_cs1000_co100_nomic-embed-text:latest_Qwen3.5-397B-A17B_detailed,who wrote the song for star wars,"The music of Star Wars consists of the scores written for all six Star Wars films by composer John Williams from 1977 to 1983 for the Original Trilogy , and 1999 to 2005 for the Prequel Trilogy .","Based on the provided context, the music for the primary Star Wars feature films was written by **John Williams**. His contributions include the scores for nine feature films, a suite and several cues for *Solo*, and the theme music for the Galaxy's Edge Theme Park.

The context also notes that other composers have written specific songs or scores for spin-off media:
*   **Lin-Manuel Miranda and J. J. Abrams** wrote the song ""Lido Hey.""
*   **Ricky Tinez and J. J. Abrams** performed ""Oma's Place",3.3029768509995847,13.026129175999813,0,0,1.0,0.6149552945715584,0.2822955463477532,0.9999999999,0.0,True
recursive_cs1000_co100_nomic-embed-text:latest_Qwen3.5-397B-A17B_detailed,who are the members of the climax blues band?,"The original members were guitarist/vocalist Peter Haycock , guitarist Derek Holt; keyboardist Arthur Wood; bassist Richard Jones; drummer George Newsome; and lead vocalist and saxophonist Colin Coope","Based on the provided context, the members of the Climax Blues Band have changed over time since the group's formation in 1967.

**Original Members (1967):**
The band was originally formed by vocalist and harmonica player Colin Cooper, guitarist and vocalist Pete Haycock, guitarist Derek Holt, bassist and keyboardist Richard Jones, drummer George Newsome, and keyboardist Arthur Wood.

**Subsequent Line-up Changes:**
*   **1969–1971:** Richard Jones left in 1969, leading Derek Holt to switch to b",0.6383422819999396,9.242662249000205,0,0,1.0,0.6105672599670443,0.4795130210752647,0.9999999999,0.0,True
recursive_cs1000_co100_nomic-embed-text:latest_Qwen3.5-397B-A17B_detailed,how many players on a side for a football game,"It is played by two teams, eleven players to a side, who advance an oval ball over a rectangular field that is 120 yards long by 53.3 yards wide and has goalposts at both ends.","Based on the provided context, there is no information regarding the number of players on a side for a football game. The text details the duration of games, field dimensions, equipment specifications, scoring rules, and gameplay mechanics, but it does not specify team roster sizes or the number of active players on the field.",0.6430823219998274,1.324491630999546,0,0,1.0,0.0,0.17351303434620763,0.0,0.0,True
recursive_cs1000_co100_nomic-embed-text:latest_Qwen3.5-397B-A17B_detailed,what is the latest season of psych,"Psych began its seventh season on February 27, 2013.","Based on the provided context, the latest season of *Psych* is the **eighth season**.

USA Network confirmed on February 5, 2014, that the eighth season would be the show's last. This season originally consisted of eight episodes when ordered on December 19, 2012, but two additional episodes were ordered on June 25, 2013, bringing the total episode count to ten. The series finale for this final season aired on March 26, 2014. While the context mentions subsequent TV movies (*Psych: The Movie*, *",0.6675366039999062,5.487478979999651,0,0,1.0,0.7677887584157846,0.1767868338415836,0.0,0.0,True
recursive_cs1000_co100_nomic-embed-text:latest_Qwen3.5-397B-A17B_detailed,who played the lead roles in the movie leaving las vegas,Nicolas Cage stars as a suicidal alcoholic who has ended his personal and professional life to drink himself to death in Las Vegas .,"Based on the provided context, the lead roles in the movie *Leaving Las Vegas* were played by **Nicolas Cage** and **Elisabeth Shue**. Nicolas Cage starred as a suicidal alcoholic who moves to Las Vegas, while Elisabeth Shue played the sex worker with whom he develops a romantic relationship. The text further notes that director Mike Figgis encouraged both Cage and Shue to conduct extensive research for their respective roles.",2.6842857810006535,5.042759450000631,0,0,1.0,0.6693606220218907,0.4809680020619197,0.30952380950833336,1.0,True
recursive_cs1000_co100_nomic-embed-text:latest_Qwen3.5-397B-A17B_detailed,how did women's role change during the war,"Whether it was on the home front or the front-lines, for civilian or enlisted women, the World Wars started a new era for women's opportunities to contribute in war and be recognized for efforts outsi","Based on the provided context, women's roles changed significantly during the World Wars, particularly during World War II, in the following ways:

*   **Expansion Beyond Traditional Roles:** While women primarily served as nurses and homefront workers during World War I, their role expanded in World War II to include active participation in voluntary auxiliary and paramilitary organizations. By 1941 and 1942, labor shortages forced militaries to establish female branches, allowing women to ente",1.3535030670000197,13.438869776000502,0,0,1.0,0.8152851120720865,0.9536619969659395,0.9999999999833333,1.0,True
recursive_cs1000_co100_nomic-embed-text:latest_Qwen3.5-397B-A17B_detailed,who has brad pitt dated,"Following a high-profile relationship with actress Gwyneth Paltrow , Pitt was married to actress Jennifer Aniston for five years.","Based on the provided context, Brad Pitt has dated the following individuals:

*   **Robin Givens:** He was romantically involved with her in the late 1980s to early 1990s; she was his co-star in *Head of the Class*.
*   **Jill Schoelen:** He dated her during the same period; she was his co-star in *Cutting Class*.
*   **Juliette Lewis:** He was involved with her in the late 1980s to early 1990s; they were co-stars in *Too Young to Die?* and *Kalifornia*.
*   **Gwyneth Paltrow:** He had a public",0.5646754040008091,4.971451058000639,0,0,1.0,0.5683580073375781,0.3183588778241067,0.9999999999,1.0,True
recursive_cs1000_co100_nomic-embed-text:latest_Qwen3.5-397B-A17B_detailed,what is the erb/heart,"In cardiology, Erb's point refers to the third intercostal space on the left sternal border where S2 is best auscultated .","Based on the provided context, there is no mention of ""erb/heart"" or any information defining what it is. The text discusses radiation-induced heart disease, the pathophysiology of cardiovascular disease, prostate cancer, prevention strategies, the structure of the prostate, velocity pumps, and screening recommendations, but it does not contain the specific term or concept requested.",0.5351254979996156,4.351289419999375,0,0,1.0,0.0,0.149234114485025,0.0,0.0,True
recursive_cs1000_co100_nomic-embed-text:latest_Qwen3.5-397B-A17B_detailed,who makes skittles?,"Skittles is a brand of fruit-flavoured sweets , currently produced and marketed by the Wm. Wrigley Jr. Company , a division of Mars, Inc.","Based on the provided context, Skittles were first made commercially in 1974 by a British company, with an early advertisement bearing the logo of the ""Galaxy"" company and copyrighted by Jack Candies Ltd, which is identified as a Mars distribution subsidiary. Domestic production in the United States began in 1982. While the text does not explicitly state the current manufacturer in a single sentence, the inclusion of ""Mars, Incorporated"" in the ""See also"" section alongside the historical referen",2.3521632110005157,6.176701764000427,0,0,1.0,0.5836250225921965,0.29276266470462997,0.0,0.0,True
recursive_cs1000_co100_nomic-embed-text:latest_Qwen3.5-397B-A17B_detailed,who invaded north africa during ww2,"Operation Torch (initially called Operation Gymnast) was the British – American invasion of French North Africa in World War II during the North African Campaign , started on 8 November 1942.","Based on the provided context, **Axis forces** (specifically **German and Italian troops**) invaded North Africa during World War II.

The text details that on November 9, Axis forces began building up in French Tunisia. It further states that in January 1943, German and Italian troops under Generalfeldmarschall Erwin Rommel, who were retreating westward from Libya, reached the region. The context also mentions German commander Walter Nehring demanding passage for his troops across a bridge in T",0.7118842930003666,6.433931087000019,0,0,1.0,0.6107148911092489,0.18751210203644028,0.0,0.0,True
recursive_cs1000_co100_nomic-embed-text:latest_Qwen3.5-397B-A17B_detailed,when did qing dynasty begin,"The Qing Dynasty, also Empire of the Great Qing or Great Qing, was the last imperial dynasty of China , ruling from 1644 to 1912 with a brief, abortive restoration in 1917.","Based on the provided context, the Qing dynasty was officially proclaimed in **1636**.

Although its predecessor, the Later Jin dynasty, was founded by Nurhaci in 1616, his son Hong Taiji renamed the dynasty ""Great Qing"" and elevated it to an empire in 1636. The dynasty subsequently seized control of Beijing in 1644 and lasted until 1912.",0.6515159399996264,4.0069589940003425,0,0,1.0,0.6706414246128239,0.42948076646063227,0.99999999995,0.0,True
recursive_cs1000_co100_nomic-embed-text:latest_Qwen3.5-397B-A17B_detailed,what county is coatesville indiana located in,"Coatesville is a town in Clay Township , Hendricks County , Indiana , United States .","Based on the provided context, there is no information regarding Coatesville, Indiana, or the county in which it is located. The text discusses the history of Humboldt and Iola in Allen County (Kansas), the court system in Maryland, census data for an unnamed town, and the early life of an individual named Thomas in Texas.",0.6590246300002036,1.5868148669997026,0,0,1.0,0.0,0.17804035399686563,0.0,0.0,True
recursive_cs1000_co100_nomic-embed-text:latest_Qwen3.5-397B-A17B_detailed,how many seasons were there of the wire,"The Wire premiered on June 2, 2002, and ended on March 9, 2008, comprising 60 episodes over five seasons.","Based on the provided context, there were **five** seasons of *The Wire*. The text explicitly states that ""HBO aired the five seasons of the show in 2002, 2003, 2004, 2006, and 2008."" Additionally, the context references specific storylines and critical responses for seasons one through five, including the fourth season focusing on eighth-graders and the fifth season being the final one before the series concluded.",0.6376795429996491,1.9709191399997508,0,0,0.6,0.7104179419805252,0.35721328615832626,0.9999999999,0.0,True
recursive_cs1000_co100_nomic-embed-text:latest_Qwen3.5-397B-A17B_detailed,what type of land is savannah,"A savanna, or savannah, is a grassland ecosystem characterized by the trees being sufficiently widely spaced so that the canopy does not close.","Based on the provided context, a savanna (or savannah) is a mixed woodland-grassland ecosystem, also described as a grassy woodland. It is characterized by trees that are sufficiently widely spaced so that the canopy does not close, which allows enough light to reach the ground to support an unbroken herbaceous layer consisting primarily of grasses.

The context identifies four specific forms of savanna:
1.  **Savanna woodland:** Where trees and shrubs form a light canopy.
2.  **Tree savanna:** ",0.5357284810006604,13.442229142000542,0,0,1.0,0.6972214228734149,0.5392895829713528,0.642857142825,1.0,True
recursive_cs1000_co100_nomic-embed-text:latest_Qwen3.5-397B-A17B_detailed,what does uncle sam represent to the american people,"Uncle Sam (initials U.S.) is a common national personification of the American government that, according to legend, came into use during the War of 1812 and was supposedly named for Samuel Wilson .","Based on the provided context, Uncle Sam represents a common national personification of the federal government of the United States or the country in general. Since the early 19th century, he has served as a popular symbol of the U.S. government in American culture and a manifestation of patriotic emotion. While the figure of Uncle Sam specifically represents the government, the text notes that the female figure of Columbia represents the United States as a nation. Additionally, Uncle Sam is kn",0.6561281570002393,6.682751139999709,0,0,1.0,0.5432114058235445,0.42778400211420087,0.14285714284285714,1.0,True
recursive_cs1000_co100_nomic-embed-text:latest_Qwen3.5-397B-A17B_detailed,what is the actresses name that played in walk that line?,"The film was nominated for five Academy Awards including Best Actor (Joaquin Phoenix), Best Actress (Reese Witherspoon, which she won), and Best Costume Design ( Arianne Phillips ).","Based on the provided context, the actresses who starred in the film *Walk the Line* are **Reese Witherspoon**, who played the role of June Carter, and **Ginnifer Goodwin**, who played Cash's first wife, Vivian Liberto. The text notes that Reese Witherspoon won the Academy Award for Best Actress for her performance in the film.",0.6342232140004853,1.659164124000199,0,0,1.0,0.5695906015446621,0.3409573570329032,0.249999999975,0.0,True
recursive_cs1000_co100_nomic-embed-text:latest_Qwen3.5-397B-A17B_detailed,where is humboldt ks,"Humboldt is a city situated along the Neosho River in the southwest part of Allen County , located in southeast Kansas , in the Central United States .","Based on the provided context, Humboldt is a city located in Allen County, Kansas, United States, and it is situated along the Neosho River.",0.5355929590004962,0.8400531180004691,0,0,1.0,0.520137090880448,0.5822520232721048,0.9999999999,0.0,True
recursive_cs1000_co100_nomic-embed-text:latest_Qwen3.5-397B-A17B_detailed,who is the founder of twitter,"Twitter was created in March 2006 by Jack Dorsey and by July, the social networking site was launched.","Based on the provided context, Twitter was created by **Jack Dorsey**, **Noah Glass**, **Biz Stone**, and **Evan Williams**.

The text notes that the origins of the platform lie in a brainstorming session at the podcasting company Odeo, where Jack Dorsey introduced the initial idea of using an SMS service to communicate with a small group. The project code name was originally ""twttr,"" an idea ascribed to Noah Glass. These four individuals, along with other members of Odeo, later formed Obvious C",0.7442280830000527,2.2828787030002786,0,0,0.8571428571428571,0.5594776523086104,0.3373963692863284,0.8392857142689285,1.0,True
recursive_cs1000_co100_nomic-embed-text:latest_Qwen3.5-397B-A17B_detailed,what is in a hot toddy,"A hot toddy, also hot totty, and hot tottie, is typically a mixed drink made of liquor and water with sugar and spices and served hot.","Based on the provided context, a hot toddy is typically a mixed drink made of liquor (usually whisky) and hot water, sweetened with honey or, in some recipes, sugar. In Canada, maple syrup may be used as a sweetener instead. The drink often includes additional ingredients such as lemon (in the form of a slice), herbs like tea, and spices such as cloves or cinnamon (either in stick or ground form).",0.6392513509999844,4.589831932999914,0,0,1.0,0.9176556712624538,0.572000473553601,0.99999999995,0.0,True
recursive_cs1000_co100_nomic-embed-text:latest_Qwen3.5-397B-A17B_detailed,what is the main component of vaccines,"The agent stimulates the body's immune system to recognize the agent as foreign, destroy it, and ""remember"" it, so that the immune system can more easily recognize and destroy any of these microorgani","Based on the provided context, the main components of vaccines vary depending on the type of vaccine. Most vaccines are created using **inactivated or attenuated compounds from micro-organisms**. However, synthetic vaccines are composed mainly or wholly of **synthetic peptides, carbohydrates, or antigens**.

Additionally, vaccines typically contain other components to ensure efficacy and safety, including:
*   **Adjuvants:** Used to boost the immune response (e.g., alum or whole cell pertussis).",0.6045857840008466,7.1642172290003145,0,0,1.0,0.9614606176053598,0.16125842938572477,0.0,0.0,True
recursive_cs1000_co100_nomic-embed-text:latest_Qwen3.5-397B-A17B_detailed,what is general chu chicken,"General Tso's chicken (sometimes Governor Tso's chicken, General Gau's chicken, General Tao's chicken, General Tsao's chicken, General Tong's chicken, General Tang's chicken or simply General's Chicke","Based on the provided context, General Tso's chicken (also referred to in the question as ""General Chu chicken"") is a sweet and spicy deep-fried chicken dish commonly served in North American Chinese restaurants. Although the dish is named after Zuo Zongtang, a Qing dynasty statesman and military leader from Hunan Province, there is no recorded connection between him and the dish, and it is not known in his home province of Hunan.

The traditional basic ingredients for the dish include:
*   **Sa",0.5342136539993589,10.873114233999331,0,0,0.9473684210526315,0.6681773439782196,0.3100727234417524,0.49999999995,0.0,True
recursive_cs1000_co100_nomic-embed-text:latest_Qwen3.5-397B-A17B_detailed,who owns youtube,"In November 2006, YouTube, LLC was bought by Google for US$1.65 billion, and operates as a subsidiary of Google.","Based on the provided context, YouTube is owned by **Google**. The text states that Google purchased YouTube in October 2006 for $1.65 billion, and it remains under Google's ownership today, having expanded its business model and revenue streams since the acquisition.",0.5391499719999047,1.259324278999884,0,0,1.0,0.7019702168892185,0.6129622470026932,0.99999999995,0.0,True
recursive_cs1000_co100_nomic-embed-text:latest_Qwen3.5-397B-A17B_detailed,what order is the moth,"A moth is an insect related to the butterfly , both being of the order Lepidoptera .","Based on the provided context, moths are members of the order **Lepidoptera**. The text states that moths include all members of this order that are not butterflies and that they make up the vast majority of the order.",0.7494611819993224,1.3920499259993449,0,0,1.0,0.8920143219600779,0.4184616768218027,0.691666666649375,1.0,True
recursive_cs1000_co100_nomic-embed-text:latest_Qwen3.5-397B-A17B_detailed,where fourth of july came from,"Independence Day, commonly known as the Fourth of July, is a federal holiday in the United States commemorating the adoption of the Declaration of Independence on July 4, 1776, declaring independence ","Based on the provided context, the Fourth of July originated as a celebration of the anniversary of the Declaration of Independence, with early observances dating back to 1777.

*   **Early Celebrations:** In 1777, Bristol, Rhode Island, fired thirteen gunshots in salute, and Philadelphia held a celebration featuring an official dinner for the Continental Congress, toasts, speeches, parades, and fireworks. In 1778, General George Washington marked the day with a double ration of rum for soldiers",0.7114171990006071,4.80247850700016,0,0,0.9047619047619048,0.5987573726792116,0.2589493474534269,0.0,0.0,True
recursive_cs1000_co100_nomic-embed-text:latest_Qwen3.5-397B-A17B_detailed,who made the matrix,"The Matrix is a 1999 American–Australian science fiction action film written and directed by The Wachowski Brothers and starring Keanu Reeves , Laurence Fishburne , Carrie-Anne Moss , Joe Pantoliano ,","Based on the provided context, **The Matrix** was written and directed by **the Wachowskis**. The film is a 1999 science fiction action movie that serves as the first installment in the Matrix film series.",0.5362218600002961,1.1556311530002858,0,0,1.0,0.4896695123904314,0.5829439984248217,0.19642857141875,1.0,True
recursive_cs1000_co100_nomic-embed-text:latest_Qwen3.5-397B-A17B_detailed,What is the prostate for?,"The prostate (from Greek προστάτης – prostates, literally ""one who stands before"", ""protector"", ""guardian"") is a compound tubuloalveolar exocrine gland of the male reproductive system in most mammals ","Based on the provided context, the prostate serves two primary functions: it acts as an accessory gland of the male reproductive system and functions as a muscle-driven mechanical switch between urination and ejaculation.

As a gland, the prostate produces and contains prostatic fluid, which is a component of semen. This fluid is slightly alkaline, which helps neutralize the acidity of the vaginal tract to prolong the lifespan of sperm. Additionally, sperm expelled within this prostatic fluid ex",0.5279951709999295,3.096460566999667,0,0,1.0,0.8041698059874732,0.25430137883870274,0.0,0.0,True
recursive_cs1000_co100_nomic-embed-text:latest_Qwen3.5-397B-A17B_detailed,WHAT ARE HERITABLE TRAITS,heritability of a trait within a population is the proportion of observable differences in a trait between individuals within a population that is due to genetic differences.,"Based on the provided context, there is no information available regarding what heritable traits are. The text discusses topics such as T-SQL, Saint Patrick's Day, the Climax Blues Band, the TV series *Psych*, Uncle Sam, *Star Wars* music composers, and Twitter, but it does not define or mention heritable traits.",0.5375320209996062,1.358199753000008,0,0,1.0,0.0,0.18459389913944907,0.0,0.0,True
recursive_cs1000_co100_nomic-embed-text:latest_Qwen3.5-397B-A17B_detailed,what is a CMM machine,A coordinate measuring machine is a device for measuring the physical geometrical characteristics of an object.,"Based on the provided context, a coordinate measuring machine (CMM) is a device that measures the geometry of physical objects by sensing discrete points on the surface of the object with a probe. These machines typically specify a probe's position in terms of its displacement from a reference position within a three-dimensional Cartesian coordinate system (XYZ axes).

A CMM consists of three main components:
1.  **The main structure:** This includes three axes of motion constructed from materia",0.4861502730000211,4.426538492000873,0,0,1.0,0.6730436511166505,0.2854245496122869,0.699999999965,1.0,True
recursive_cs1000_co100_nomic-embed-text:latest_Qwen3.5-397B-A17B_detailed,Where does the word baptism come from,"Baptism (from the Greek noun βάπτισμα baptisma; itself derived from βαπτισμός baptismos, washing) is a Christian rite of admission (or adoption ), almost invariably with the use of water, into the Chr","Based on the provided context, the English word ""baptism"" is derived indirectly through Latin from the neuter Greek concept noun *báptisma* (βάπτισμα), which means ""washing"" or ""dipping."" This term is a neologism found in the New Testament and is derived from the masculine Greek noun *baptismós* (βαπτισμός), a term used for ritual washing in Hellenistic Judaism texts like the Septuagint. Both of these nouns originate from the verb *baptízō* (βαπτίζω), meaning ""I wash,"" which itself is derived fr",0.7598229919994992,3.106292052999379,0,0,1.0,0.904506526877435,0.44757688066797907,0.8333333332916666,1.0,True
recursive_cs1000_co100_nomic-embed-text:latest_Qwen3.5-397B-A17B_detailed,what can sql 2005 do,"As a database, it is a software product whose primary function is to store and retrieve data as requested by other software applications, be it those on the same computer or those running on another c","Based on the provided context, Microsoft SQL Server 2005 can perform the following functions:

*   **Integrate with .NET Framework via SQL CLR:** It hosts the .NET Common Language Runtime (CLR) directly within the server, managing memory, threading, and resources through SQLOS rather than the Windows operating system. This allows users to write stored procedures, triggers, and user-defined types (UDTs) in managed .NET languages like C# and VB.NET. It also provides deadlock detection and resoluti",0.521232183000393,7.089590691000012,0,0,0.9393939393939394,0.6493663838355944,0.17199227208296047,0.0,0.0,True
recursive_cs1000_co100_nomic-embed-text:latest_Qwen3.5-397B-A17B_detailed,what company is cricket wireless by,"The company is a subsidiary of Leap Wireless , utilizing its CDMA 1X, 1xEV-DO and LTE networks.","Based on the provided context, Cricket Wireless is owned by **AT&T**. The text states that AT&T acquired Leap Wireless International, the founder of Cricket Wireless, in March 2014, and subsequently merged Cricket's operations with Aio Wireless.",0.6403134859992861,1.2346118109999225,0,0,1.0,0.47987629009446753,0.17449504341846916,0.0,0.0,True
recursive_cs1000_co100_nomic-embed-text:latest_Qwen3.5-397B-A17B_detailed,who is st patty?,"It is named after Saint Patrick ( AD 385–461), the most commonly recognised of the patron saints of Ireland .","Based on the provided context, ""St. Patty"" refers to **Saint Patrick** (c. 385 – c. 461), who is described as the foremost patron saint of Ireland. The holiday known as Saint Patrick's Day is held on March 17, which is the traditional date of his death, and it commemorates both him and the arrival of Christianity in Ireland.",0.6607639459998609,1.6908578419997866,0,0,0.8571428571428571,0.4252509707164637,0.6546066083052404,0.249999999975,1.0,True
recursive_cs1000_co100_nomic-embed-text:latest_Qwen3.5-397B-A17B_detailed,how a water pump works,"Pumps operate by some mechanism (typically reciprocating or rotary ), and consume energy to perform mechanical work by moving the fluid.","Based on the provided context, a water pump works by using mechanical action, typically converted from electrical energy into hydraulic energy, to move fluids. The specific mechanism depends on the type of pump:

*   **Velocity Pumps:** These pumps, such as rotodynamic or centrifugal pumps, add kinetic energy to the fluid by increasing its flow velocity. As the fluid exits the pump or slows down, this kinetic energy is converted into potential energy (pressure) according to Bernoulli's principle",0.6226273170004788,5.134463631000472,0,0,0.9130434782608695,0.8962557813983509,0.30548443463788716,0.0,0.0,True
recursive_cs1000_co100_nomic-embed-text:latest_Qwen3.5-397B-A17B_detailed,what school did Zach Thomas play for before making it in to the NFL,"He played college football for Texas Tech University , and was recognized as an All-American .","Based on the provided context, Zach Thomas played college football for **Texas Tech University** before entering the NFL. The text states that he attended Texas Tech, where he was a three-year starter at linebacker for the Texas Tech Red Raider football team, and was subsequently drafted by the Miami Dolphins in the 1996 NFL Draft.",0.6377124900000126,1.4759556139997585,0,0,1.0,0.8586697395272512,0.7384300188777442,0.2916666666520833,1.0,True
recursive_cs1000_co100_nomic-embed-text:latest_Qwen3.5-397B-A17B_detailed,what are private labels,Private label products or services are typically those manufactured or provided by one company for offer under another company's brand .,"Based on the provided context, a private label (also known as a private brand or private-label brand) is a brand owned by a company that is offered alongside and competes with brands from other businesses. These brands are almost always offered exclusively by the firm that owns them, although they can occasionally be licensed to another company. While the term often describes products, it can also encompass services.

Private label products generally fall into two production categories:
1.  **Ou",0.6228168440002264,4.9218320179998045,0,0,1.0,0.85068489282127,0.35679907045922504,0.99999999995,1.0,True
